{"current":{"color_call_to_action":"#d1c9b2","color_alert":"#ffcc00","color_notice":"#ffffcc","google_font_family_regular":"Source Sans Pro","google_font_family_headers":"Lobster Two","favicon":"custom","hero_height":"40%","hero_logo":"3","color_hero_logo":"#ffffff","hero_logo_image_max_width":"300","hero_hide_line":false,"hero_show_tagline_on_mobile":true,"hero_hide_tagline":false,"hero_button_to_store_url":"\/collections\/all","hero_hide_button_to_store":false,"hero_hide_button_to_scroll":false,"hero_hide_arrow":false,"hero_background":"2","color_hero_bg":"#ffffff","hero_background_position":"center 25%","color_hero_bg_overlay":"#281400","color_hero_bg_overlay_opacity":"0.1","color_hero_line":"#ffffff","color_hero_subtitle":"#ffffff","color_hero_button":"#ffffff","color_hero_button_hover":"#ffffff","color_hero_button_border":"#c1c1c1","color_hero_button_border_hover":"#ffffff","color_hero_icons":"#c1c1c1","color_hero_icons_hover":"#ffffff","color_hero_license":"#a1a0a0","color_hero_license_link":"#969494","color_hero_arrow":"#ffffff","color_hero_side_menu":"#c1c1c1","color_hero_side_menu_hover":"#ffffff","home_pitch":"half_pitch","hero_hide_paragraphs_mobile":false,"home_pitch_button_to_store_url":"\/collections\/casket-urn","color_pitch_number_fade":"30","home_collection":"2","home_collection_collection":"frontpage","home_collection_limit":"4","home_collection_button_to_store_url":"\/collections\/all","home_articles":"1","home_articles_blog":"news","home_articles_limit":"1","home_footer_hidden":true,"header_logo":"1","color_header_logo":"#ffffff","side_nav_linklist":"main-menu","color_header_section":"#c1c1c1","color_header_section_hover":"#ffffff","color_header_button":"#ffffff","color_header_button_hover":"#ffffff","color_header_button_border":"#c1c1c1","color_header_button_border_hover":"#ffffff","color_header_icons":"#c1c1c1","color_header_icons_hover":"#ffffff","color_header_bg":"#194e9e","footer_hidden":true,"footer_first_menu_linklist":"footer","footer_second_menu_linklist":"","footer_display_contact":true,"footer_contact_email":"memorialhelpers@gmail.com","footer_contact_twitter":"MemorialHelpers","footer_contact_telephone":"+1 917 (123) 4567","footer_display_networks":true,"footer_networks_facebook":"www.facebook.com","footer_networks_twitter":"https:\/\/twitter.com\/MemorialHelpers","footer_networks_pinterest":"","footer_networks_google":"https:\/\/plus.google.com\/114080544084792921265\/posts","footer_networks_instagram":"","footer_networks_linkedin":"","footer_networks_flickr":"","footer_networks_yelp":"","footer_networks_vimeo":"","footer_networks_youtube":"","footer_networks_tumblr":"","footer_networks_wordpress":"","footer_newsletter_enable":false,"newsletter_form_action":"","footer_show_payments":true,"color_footer_header":"#ffffff","color_footer_body":"#b3b1b1","color_footer_links":"#b3b1b1","color_footer_icons":"#b3b1b1","color_footer_bg":"#194e9e","product_show_available_stock_units":false,"skip_cart_page":false,"product_show_share_buttons":false,"twittercard_handle":"@MemorialHelpers","collections_layout":"four-columns","collections_preview_limit":"8","cart_notes_enable":true,"checkout_header_image":"shopify:\/\/shop_images\/checkout_header_image_2.jpg","checkout_use_storefront_logo":false,"checkout_logo_image":"shopify:\/\/shop_images\/checkout_logo_2.png","checkout_logo_position":"left","checkout_logo_size":"medium","checkout_body_background_image":"","checkout_body_background_color":"#fff","checkout_input_background_color_mode":"white","checkout_sidebar_background_image":"","checkout_sidebar_background_color":"#fafafa","checkout_heading_font":"-apple-system, BlinkMacSystemFont, 'Segoe UI', Roboto, Helvetica, Arial, sans-serif, 'Apple Color Emoji', 'Segoe UI Emoji', 'Segoe UI Symbol'","checkout_body_font":"-apple-system, BlinkMacSystemFont, 'Segoe UI', Roboto, Helvetica, Arial, sans-serif, 'Apple Color Emoji', 'Segoe UI Emoji', 'Segoe UI Symbol'","checkout_accent_color":"#86b3f3","checkout_button_color":"#d1c9b2","checkout_error_color":"#e32c2b","checkout_use_header_image":true,"checkout_logo":"checkout_logo.png","checkout_banner_background_color":"#7687c9","checkout_headline":"","checkout_call_to_action_color":"#bab6a5","customer_layout":"theme","name":"fashion","color_footer_links_hover":"#ffffff","palette_white":"#ffffff","palette_very_light":"#c1c1c1","palette_light":"#a1a1a1","palette_little_light":"#999999","palette_neutral":"#919191","palette_little_dark":"#818181","palette_dark":"#616161","palette_very_dark":"#313131","palette_black":"#000000","content_for_index":[]},"presets":{"Generic":{"name":"generic","color_call_to_action":"#1BA1E2","color_alert":"#ff555d","color_notice":"#ffffcc","color_hero_logo":"#ffffff","color_hero_bg":"#3E4645","color_hero_bg_overlay":"#281400","color_hero_bg_overlay_opacity":"0.4","color_hero_line":"#ffffff","color_hero_subtitle":"#ffffff","color_hero_button":"#ffffff","color_hero_button_hover":"#ffffff","color_hero_button_border":"#c1c1c1","color_hero_button_border_hover":"#ffffff","color_hero_icons":"#c1c1c1","color_hero_icons_hover":"#ffffff","color_hero_license":"#a8a8a8","color_hero_license_link":"#c1c1c1","color_hero_arrow":"#ffffff","color_hero_side_menu":"#c1c1c1","color_hero_side_menu_hover":"#ffffff","color_pitch_number_fade":"30","color_header_logo":"#ffffff","color_header_section":"#c1c1c1","color_header_section_hover":"#ffffff","color_header_button":"#ffffff","color_header_button_hover":"#ffffff","color_header_button_border":"#c1c1c1","color_header_button_border_hover":"#ffffff","color_header_icons":"#c1c1c1","color_header_icons_hover":"#ffffff","color_header_bg":"#3E4645","color_footer_header":"#ffffff","color_footer_body":"#a1a1a1","color_footer_links":"#a1a1a1","color_footer_links_hover":"#ffffff","color_footer_icons":"#919191","color_footer_bg":"#3E4645","google_font_family_regular":"Lato","google_font_family_headers":"Lato","palette_white":"#ffffff","palette_very_light":"#c1c1c1","palette_light":"#a1a1a1","palette_little_light":"#999999","palette_neutral":"#919191","palette_little_dark":"#818181","palette_dark":"#616161","palette_very_dark":"#313131","palette_black":"#000000","hero_height":"100%","hero_hide_line":false,"hero_hide_tagline":false,"hero_hide_button_to_store":false,"hero_hide_button_to_scroll":false,"hero_hide_arrow":false,"hero_logo":"2","hero_logo_image_max_width":300,"hero_show_tagline_on_mobile":false,"hero_button_to_store_url":"\/collections\/all","hero_background":"1","hero_background_position":"center center","hero_hide_paragraphs_mobile":true,"home_pitch":"full_pitch","home_pitch_button_to_store_url":"\/collections\/all","home_collection":"2","home_collection_collection":"frontpage","home_collection_limit":"4","home_collection_button_to_store_url":"\/collections\/all","home_articles":"1","home_articles_blog":"news","home_articles_limit":"1","header_logo":"2","side_nav_linklist":"main-menu","footer_first_menu_linklist":"footer","footer_second_menu_linklist":"","footer_display_contact":true,"footer_contact_email":"california.theme@gmail.com","footer_contact_twitter":"shopify","footer_contact_telephone":"+1 917 (123) 4567","footer_display_networks":true,"footer_networks_facebook":"https:\/\/www.facebook.com\/shopify","footer_networks_twitter":"","footer_networks_pinterest":"http:\/\/www.pinterest.com\/shopify","footer_networks_google":"https:\/\/plus.google.com\/+shopify","footer_networks_instagram":"","footer_networks_linkedin":"","footer_networks_flickr":"","footer_networks_yelp":"","footer_networks_vimeo":"","footer_networks_youtube":"","footer_networks_tumblr":"","footer_networks_wordpress":"","footer_show_payments":false,"product_show_share_buttons":true,"collections_preview_limit":"4","collections_layout":"four-columns","cart_notes_enable":false,"customer_layout":"theme"},"Startup":{"name":"startup","color_call_to_action":"#00b5ad","color_alert":"#ff555d","color_notice":"#ffffcc","color_hero_logo":"#ffffff","color_hero_bg":"#292C30","color_hero_bg_overlay":"#281400","color_hero_bg_overlay_opacity":"0.4","color_hero_line":"#ffffff","color_hero_subtitle":"#ffffff","color_hero_button":"#ffffff","color_hero_button_hover":"#ffffff","color_hero_button_border":"#c1c1c1","color_hero_button_border_hover":"#ffffff","color_hero_icons":"#c1c1c1","color_hero_icons_hover":"#ffffff","color_hero_license":"#a8a8a8","color_hero_license_link":"#c1c1c1","color_hero_arrow":"#ffffff","color_hero_side_menu":"#c1c1c1","color_hero_side_menu_hover":"#ffffff","color_pitch_number_fade":"30","color_header_logo":"#ffffff","color_header_section":"#c1c1c1","color_header_section_hover":"#ffffff","color_header_button":"#ffffff","color_header_button_hover":"#ffffff","color_header_button_border":"#c1c1c1","color_header_button_border_hover":"#ffffff","color_header_icons":"#c1c1c1","color_header_icons_hover":"#ffffff","color_header_bg":"#292C30","color_footer_header":"#ffffff","color_footer_body":"#a1a1a1","color_footer_links":"#a1a1a1","color_footer_links_hover":"#ffffff","color_footer_icons":"#919191","color_footer_bg":"#292C30","google_font_family_regular":"Roboto","google_font_family_headers":"Roboto","palette_white":"#ffffff","palette_very_light":"#c1c1c1","palette_light":"#a1a1a1","palette_little_light":"#999999","palette_neutral":"#919191","palette_little_dark":"#818181","palette_dark":"#616161","palette_very_dark":"#313131","palette_black":"#000000","hero_height":"80%","hero_hide_line":false,"hero_hide_tagline":false,"hero_hide_button_to_store":false,"hero_hide_button_to_scroll":false,"hero_hide_arrow":false,"hero_logo":"2","hero_logo_image_max_width":300,"hero_show_tagline_on_mobile":false,"hero_button_to_store_url":"\/collections\/all","hero_background":"1","hero_background_position":"center center","hero_hide_paragraphs_mobile":false,"home_pitch":"half_pitch","home_pitch_button_to_store_url":"\/collections\/all","home_collection":"2","home_collection_collection":"frontpage","home_collection_limit":"3","home_collection_button_to_store_url":"\/collections\/all","home_articles":"1","home_articles_blog":"news","home_articles_limit":"1","header_logo":"2","side_nav_linklist":"main-menu","footer_first_menu_linklist":"footer","footer_second_menu_linklist":"","footer_display_contact":true,"footer_contact_email":"california.theme@gmail.com","footer_contact_twitter":"shopify","footer_contact_telephone":"+1 917 (123) 4567","footer_display_networks":true,"footer_networks_facebook":"","footer_networks_twitter":"","footer_networks_pinterest":"","footer_networks_google":"","footer_networks_instagram":"https:\/\/www.instagram.com\/shopify","footer_networks_linkedin":"","footer_networks_flickr":"","footer_networks_yelp":"","footer_networks_vimeo":"https:\/\/www.vimeo.com\/shopify","footer_networks_youtube":"","footer_networks_tumblr":"http:\/\/shopify.tumblr.com\/","footer_networks_wordpress":"","footer_show_payments":false,"product_show_share_buttons":false,"collections_preview_limit":"3","collections_layout":"three-columns","cart_notes_enable":false,"customer_layout":"theme"},"Fashion":{"name":"fashion","color_call_to_action":"#A28F61","color_alert":"#ffcc00","color_notice":"#ffffcc","color_hero_logo":"#ffffff","color_hero_bg":"#0f3e57","color_hero_bg_overlay":"#281400","color_hero_bg_overlay_opacity":"0.4","color_hero_line":"#ffffff","color_hero_subtitle":"#ffffff","color_hero_button":"#ffffff","color_hero_button_hover":"#ffffff","color_hero_button_border":"#c1c1c1","color_hero_button_border_hover":"#ffffff","color_hero_icons":"#c1c1c1","color_hero_icons_hover":"#ffffff","color_hero_license":"#a8a8a8","color_hero_license_link":"#c1c1c1","color_hero_arrow":"#ffffff","color_hero_side_menu":"#c1c1c1","color_hero_side_menu_hover":"#ffffff","color_pitch_number_fade":"30","color_header_logo":"#ffffff","color_header_section":"#c1c1c1","color_header_section_hover":"#ffffff","color_header_button":"#ffffff","color_header_button_hover":"#ffffff","color_header_button_border":"#c1c1c1","color_header_button_border_hover":"#ffffff","color_header_icons":"#c1c1c1","color_header_icons_hover":"#ffffff","color_header_bg":"#0f3e57","color_footer_header":"#ffffff","color_footer_body":"#a1a1a1","color_footer_links":"#a1a1a1","color_footer_links_hover":"#ffffff","color_footer_icons":"#919191","color_footer_bg":"#0f3e57","google_font_family_regular":"Lato","google_font_family_headers":"Playfair Display","palette_white":"#ffffff","palette_very_light":"#c1c1c1","palette_light":"#a1a1a1","palette_little_light":"#999999","palette_neutral":"#919191","palette_little_dark":"#818181","palette_dark":"#616161","palette_very_dark":"#313131","palette_black":"#000000","hero_height":"70%","hero_hide_line":false,"hero_hide_tagline":false,"hero_hide_button_to_store":false,"hero_hide_button_to_scroll":false,"hero_hide_arrow":true,"hero_logo":"2","hero_logo_image_max_width":300,"hero_show_tagline_on_mobile":true,"hero_button_to_store_url":"\/collections\/all","hero_background":"1","hero_background_position":"center top","hero_hide_paragraphs_mobile":false,"home_pitch":"no_pitch","home_pitch_button_to_store_url":"\/collections\/all","home_collection":"2","home_collection_collection":"frontpage","home_collection_limit":"12","home_collection_button_to_store_url":"\/collections\/all","home_articles":"1","home_articles_blog":"news","home_articles_limit":"1","header_logo":"2","side_nav_linklist":"main-menu","footer_first_menu_linklist":"footer","footer_second_menu_linklist":"","footer_display_contact":true,"footer_contact_email":"california.theme@gmail.com","footer_contact_twitter":"shopify","footer_contact_telephone":"+1 917 (123) 4567","footer_display_networks":true,"footer_networks_facebook":"","footer_networks_twitter":"","footer_networks_pinterest":"","footer_networks_google":"","footer_networks_instagram":"https:\/\/www.instagram.com\/shopify","footer_networks_linkedin":"","footer_networks_flickr":"","footer_networks_yelp":"","footer_networks_vimeo":"https:\/\/www.vimeo.com\/shopify","footer_networks_youtube":"","footer_networks_tumblr":"http:\/\/shopify.tumblr.com\/","footer_networks_wordpress":"","footer_show_payments":false,"product_show_share_buttons":true,"collections_preview_limit":"6","collections_layout":"six-columns","cart_notes_enable":false,"customer_layout":"theme"},"Art":{"name":"art","color_call_to_action":"#ff5555","color_alert":"#ff555d","color_notice":"#ffffcc","color_hero_logo":"#ffffff","color_hero_bg":"#4d4d4d","color_hero_bg_overlay":"#281400","color_hero_bg_overlay_opacity":"0.3","color_hero_line":"#ffffff","color_hero_subtitle":"#ffffff","color_hero_button":"#ffffff","color_hero_button_hover":"#ffffff","color_hero_button_border":"#c1c1c1","color_hero_button_border_hover":"#ffffff","color_hero_icons":"#eeeeee","color_hero_icons_hover":"#ffffff","color_hero_license":"#a8a8a8","color_hero_license_link":"#c1c1c1","color_hero_arrow":"#ffffff","color_hero_side_menu":"#eeeeee","color_hero_side_menu_hover":"#ffffff","color_pitch_number_fade":"20","color_header_logo":"#ffffff","color_header_section":"#c1c1c1","color_header_section_hover":"#ffffff","color_header_button":"#ffffff","color_header_button_hover":"#ffffff","color_header_button_border":"#c1c1c1","color_header_button_border_hover":"#ffffff","color_header_icons":"#c1c1c1","color_header_icons_hover":"#ffffff","color_header_bg":"#4d4d4d","color_footer_header":"#ffffff","color_footer_body":"#a1a1a1","color_footer_links":"#a1a1a1","color_footer_links_hover":"#ffffff","color_footer_icons":"#919191","color_footer_bg":"#4d4d4d","google_font_family_regular":"Lato","google_font_family_headers":"Lato","palette_white":"#ffffff","palette_very_light":"#c1c1c1","palette_light":"#a1a1a1","palette_little_light":"#999999","palette_neutral":"#919191","palette_little_dark":"#818181","palette_dark":"#616161","palette_very_dark":"#313131","palette_black":"#000000","hero_height":"20%","hero_hide_line":true,"hero_hide_tagline":true,"hero_hide_button_to_store":true,"hero_hide_button_to_scroll":true,"hero_hide_arrow":true,"hero_logo":"2","hero_logo_image_max_width":300,"hero_show_tagline_on_mobile":false,"hero_button_to_store_url":"\/collections\/all","hero_background":"1","hero_background_position":"center center","hero_hide_paragraphs_mobile":false,"home_pitch":"no_pitch","home_pitch_button_to_store_url":"\/collections\/all","home_collection":"2","home_collection_collection":"frontpage","home_collection_limit":"8","home_collection_button_to_store_url":"\/collections\/all","home_articles":"1","home_articles_blog":"news","home_articles_limit":"1","header_logo":"2","side_nav_linklist":"main-menu","footer_first_menu_linklist":"footer","footer_second_menu_linklist":"","footer_display_contact":true,"footer_contact_email":"california.theme@gmail.com","footer_contact_twitter":"shopify","footer_contact_telephone":"+1 917 (123) 4567","footer_display_networks":true,"footer_networks_facebook":"https:\/\/www.facebook.com\/shopify","footer_networks_twitter":"","footer_networks_pinterest":"http:\/\/www.pinterest.com\/shopify","footer_networks_google":"https:\/\/plus.google.com\/+shopify","footer_networks_instagram":"","footer_networks_linkedin":"","footer_networks_flickr":"","footer_networks_yelp":"","footer_networks_vimeo":"","footer_networks_youtube":"","footer_networks_tumblr":"","footer_networks_wordpress":"","footer_show_payments":false,"product_show_share_buttons":false,"collections_preview_limit":"4","collections_layout":"four-columns","cart_notes_enable":false,"customer_layout":"theme"}}}